"GEO_ID","NAME","B29001_001E","B29001_001M","B29001_002E","B29001_002M","B29001_003E","B29001_003M","B29001_004E","B29001_004M","B29001_005E","B29001_005M"
"id","Geographic Area Name","Estimate!!Total","Margin of Error!!Total","Estimate!!Total!!18 to 29 years","Margin of Error!!Total!!18 to 29 years","Estimate!!Total!!30 to 44 years","Margin of Error!!Total!!30 to 44 years","Estimate!!Total!!45 to 64 years","Margin of Error!!Total!!45 to 64 years","Estimate!!Total!!65 years and over","Margin of Error!!Total!!65 years and over"
"5001600US0101","Congressional District 1 (116th Congress), Alabama","544464","3424","104060","2412","125900","2538","188031","3186","126473","1797"
"5001600US0102","Congressional District 2 (116th Congress), Alabama","516295","5674","109222","2918","118999","3146","173351","3069","114723","2059"
"5001600US0103","Congressional District 3 (116th Congress), Alabama","543854","4099","121328","2379","121212","3483","182379","3899","118935","1851"
"5001600US0104","Congressional District 4 (116th Congress), Alabama","515701","4678","95990","2777","114921","2560","177247","3022","127543","2309"
"5001600US0105","Congressional District 5 (116th Congress), Alabama","551968","2121","109986","1624","129788","1913","193348","1995","118846","1412"
"5001600US0106","Congressional District 6 (116th Congress), Alabama","535753","7635","101646","4222","133635","4599","182710","4171","117762","2727"
"5001600US0107","Congressional District 7 (116th Congress), Alabama","504177","9052","126572","5253","114337","5109","162887","5505","100381","3261"
"5001600US0200","Congressional District (at Large) (116th Congress), Alaska","532244","2539","127476","1829","144647","2629","174789","3032","85332","1468"
"5001600US0401","Congressional District 1 (116th Congress), Arizona","568661","9203","124100","4886","129362","4892","169734","4410","145465","4443"
"5001600US0402","Congressional District 2 (116th Congress), Arizona","550044","9439","116061","6026","114471","3938","166939","4774","152573","4037"
"5001600US0403","Congressional District 3 (116th Congress), Arizona","500787","12277","146929","7152","122468","6742","143475","5931","87915","5424"
"5001600US0404","Congressional District 4 (116th Congress), Arizona","633528","10386","95038","5092","118494","4302","201308","5612","218688","4390"
"5001600US0405","Congressional District 5 (116th Congress), Arizona","587681","10348","106103","6236","155762","5177","190794","6636","135022","5635"
"5001600US0406","Congressional District 6 (116th Congress), Arizona","577899","11084","104945","7109","124931","5792","202991","6785","145032","5372"
"5001600US0407","Congressional District 7 (116th Congress), Arizona","454957","12175","153294","8230","120219","6998","127158","5249","54286","3904"
"5001600US0408","Congressional District 8 (116th Congress), Arizona","599423","9645","100261","6074","131595","6104","189019","5970","178548","6383"
"5001600US0409","Congressional District 9 (116th Congress), Arizona","562791","12216","160510","7893","141929","7600","170213","5766","90139","4645"
"5001600US0501","Congressional District 1 (116th Congress), Arkansas","548710","3198","106231","1874","128779","2847","183306","2815","130394","1660"
"5001600US0502","Congressional District 2 (116th Congress), Arkansas","570220","3398","123752","2603","138990","1946","186961","2171","120517","1500"
"5001600US0503","Congressional District 3 (116th Congress), Arkansas","573113","5357","134210","2608","143907","3362","179259","3721","115737","1859"
"5001600US0504","Congressional District 4 (116th Congress), Arkansas","532069","4667","105713","2805","110275","2756","179824","3878","136257","1877"
"5001600US0601","Congressional District 1 (116th Congress), California","553702","4675","112448","3044","109556","2817","177833","3037","153865","2632"
"5001600US0602","Congressional District 2 (116th Congress), California","534951","6691","86946","3479","110075","3356","187221","3994","150709","3841"
"5001600US0603","Congressional District 3 (116th Congress), California","504299","7222","128483","4750","117545","3888","158659","4464","99612","3064"
"5001600US0604","Congressional District 4 (116th Congress), California","573118","5649","91864","3096","121814","3416","203386","3603","156054","2984"
"5001600US0605","Congressional District 5 (116th Congress), California","508369","9829","96576","5121","116637","5832","172776","5373","122380","4195"
"5001600US0606","Congressional District 6 (116th Congress), California","506434","10206","124359","5205","140392","5545","152039","6561","89644","4058"
"5001600US0607","Congressional District 7 (116th Congress), California","537436","8063","102634","5131","131950","4910","186789","5301","116063","3726"
"5001600US0608","Congressional District 8 (116th Congress), California","477512","10385","109039","5555","117970","5105","157700","6221","92803","3751"
"5001600US0609","Congressional District 9 (116th Congress), California","482967","8819","109840","5368","115502","5330","162695","5286","94930","4584"
"5001600US0610","Congressional District 10 (116th Congress), California","493409","7043","120037","3797","126032","4686","155323","3904","92017","2832"
"5001600US0611","Congressional District 11 (116th Congress), California","508963","9040","94457","4983","118438","4859","178718","5157","117350","3674"
"5001600US0612","Congressional District 12 (116th Congress), California","571300","7542","115725","4667","185209","4395","161917","4179","108449","2310"
"5001600US0613","Congressional District 13 (116th Congress), California","536892","6882","124347","4666","153682","5144","158802","4413","100061","3781"
"5001600US0614","Congressional District 14 (116th Congress), California","511049","8400","98885","5667","125040","4411","171998","4919","115126","3942"
"5001600US0615","Congressional District 15 (116th Congress), California","503361","8070","92013","4754","134040","5781","179479","5567","97829","4579"
"5001600US0616","Congressional District 16 (116th Congress), California","423147","10984","127642","6314","108432","5479","117889","4736","69184","2840"
"5001600US0617","Congressional District 17 (116th Congress), California","438374","13412","86540","5904","103893","5625","162474","6539","85467","4716"
"5001600US0618","Congressional District 18 (116th Congress), California","491580","9611","84672","5044","111547","5704","186221","6347","109140","4314"
"5001600US0619","Congressional District 19 (116th Congress), California","482363","9857","110244","5260","120200","5874","159427","5328","92492","3735"
"5001600US0620","Congressional District 20 (116th Congress), California","434889","8953","113595","4679","100241","4313","129619","4416","91434","2791"
"5001600US0621","Congressional District 21 (116th Congress), California","354669","11267","112192","5357","95934","5882","94483","5771","52060","3502"
"5001600US0622","Congressional District 22 (116th Congress), California","483064","10845","121739","5627","123766","4975","144754","4846","92805","3481"
"5001600US0623","Congressional District 23 (116th Congress), California","490446","10566","114763","5828","124203","4607","159160","5739","92320","4176"
"5001600US0624","Congressional District 24 (116th Congress), California","508333","5576","143040","3095","96005","3134","147344","3174","121944","1493"
"5001600US0625","Congressional District 25 (116th Congress), California","482964","10876","103999","6215","115475","6057","175776","5989","87714","4903"
"5001600US0626","Congressional District 26 (116th Congress), California","480928","6034","107880","3084","105706","4374","162047","3890","105295","2314"
"5001600US0627","Congressional District 27 (116th Congress), California","471963","11108","86706","5621","108732","5456","159649","6152","116876","6237"
"5001600US0628","Congressional District 28 (116th Congress), California","502971","13353","99507","6085","139517","7382","166073","6738","97874","5020"
"5001600US0629","Congressional District 29 (116th Congress), California","402898","11545","111823","5915","101568","5619","119181","5527","70326","4332"
"5001600US0630","Congressional District 30 (116th Congress), California","529846","14610","113793","7651","130676","7750","174660","7066","110717","4893"
"5001600US0631","Congressional District 31 (116th Congress), California","482081","9659","128989","5873","127282","5502","146719","6812","79091","4412"
"5001600US0632","Congressional District 32 (116th Congress), California","449452","11398","116658","6162","107883","5087","139777","6506","85134","5251"
"5001600US0633","Congressional District 33 (116th Congress), California","517251","10427","99299","6033","122449","5260","167981","5792","127522","5258"
"5001600US0634","Congressional District 34 (116th Congress), California","425520","11922","117797","5552","122307","6508","109068","5863","76348","4212"
"5001600US0635","Congressional District 35 (116th Congress), California","450565","12666","146833","7258","115997","5609","125573","5706","62162","4071"
"5001600US0636","Congressional District 36 (116th Congress), California","536333","9648","95867","4707","111759","5079","170439","6331","158268","6354"
"5001600US0637","Congressional District 37 (116th Congress), California","468463","13452","129241","8208","118145","5515","136694","5375","84383","4567"
"5001600US0638","Congressional District 38 (116th Congress), California","481296","10991","116734","6337","115644","5278","152188","6944","96730","4942"
"5001600US0639","Congressional District 39 (116th Congress), California","486713","10190","112813","6257","110244","5535","161474","5947","102182","5836"
"5001600US0640","Congressional District 40 (116th Congress), California","340435","9624","117561","5502","88081","4930","86405","4376","48388","4137"
"5001600US0641","Congressional District 41 (116th Congress), California","478613","8532","154274","6594","126217","5315","132970","5468","65152","4610"
"5001600US0642","Congressional District 42 (116th Congress), California","538265","9226","122803","6056","145881","6071","177568","5224","92013","5193"
"5001600US0643","Congressional District 43 (116th Congress), California","454185","11440","114853","6789","115255","6009","142409","6116","81668","4903"
"5001600US0644","Congressional District 44 (116th Congress), California","395819","8661","115574","5092","110263","5325","108537","4864","61445","3478"
"5001600US0645","Congressional District 45 (116th Congress), California","532802","12285","110235","5848","119202","6634","187676","6330","115689","4872"
"5001600US0646","Congressional District 46 (116th Congress), California","408633","10145","130145","6155","103298","5649","111682","5036","63508","3917"
"5001600US0647","Congressional District 47 (116th Congress), California","491712","10923","114807","6192","124261","6524","166891","6432","85753","4354"
"5001600US0648","Congressional District 48 (116th Congress), California","529832","8764","103313","6069","113213","4833","190245","5550","123061","4460"
"5001600US0649","Congressional District 49 (116th Congress), California","519302","10212","111660","7630","112832","6553","178059","6302","116751","6123"
"5001600US0650","Congressional District 50 (116th Congress), California","513522","11367","113483","7682","123333","5550","169884","6064","106822","5124"
"5001600US0651","Congressional District 51 (116th Congress), California","445034","11226","133614","7085","114319","6348","124841","4988","72260","3770"
"5001600US0652","Congressional District 52 (116th Congress), California","546843","12471","125910","7856","142801","5552","170845","5399","107287","5028"
"5001600US0653","Congressional District 53 (116th Congress), California","563962","15636","150613","8147","157739","7624","162309","6469","93301","5485"
"5001600US0801","Congressional District 1 (116th Congress), Colorado","619349","5507","152364","3423","196712","4641","172432","3317","97841","1875"
"5001600US0802","Congressional District 2 (116th Congress), Colorado","619285","6451","152308","4355","147134","3653","199517","3843","120326","2901"
"5001600US0803","Congressional District 3 (116th Congress), Colorado","565901","5796","109523","3646","129319","4084","189023","3119","138036","2306"
"5001600US0804","Congressional District 4 (116th Congress), Colorado","598599","5986","117673","3198","156792","3744","208777","4667","115357","2335"
"5001600US0805","Congressional District 5 (116th Congress), Colorado","603967","3639","145787","1745","153131","2743","192123","2518","112926","1631"
"5001600US0806","Congressional District 6 (116th Congress), Colorado","567801","9080","113465","5196","156336","4996","200412","4735","97588","2458"
"5001600US0807","Congressional District 7 (116th Congress), Colorado","576138","8222","124489","3527","162759","4792","180307","4682","108583","2562"
"5001600US0901","Congressional District 1 (116th Congress), Connecticut","523004","7034","99742","3599","117559","5022","184595","4256","121108","3712"
"5001600US0902","Congressional District 2 (116th Congress), Connecticut","548572","5593","113923","3208","111653","3326","198909","3653","124087","2594"
"5001600US0903","Congressional District 3 (116th Congress), Connecticut","535024","7312","117352","4495","114121","4110","182421","4593","121130","3528"
"5001600US0904","Congressional District 4 (116th Congress), Connecticut","496370","6476","91904","3073","103645","3839","191712","3875","109109","3480"
"5001600US0905","Congressional District 5 (116th Congress), Connecticut","511395","9390","97510","5568","105985","5898","189558","5652","118342","5364"
"5001600US1000","Congressional District (at Large) (116th Congress), Delaware","720867","3971","140123","2059","153037","2253","249503","1863","178204","1133"
"5001600US1198","Delegate District (at Large) (116th Congress), District of Columbia","526393","4612","145434","2101","165893","3139","131762","1970","83304","935"
"5001600US1201","Congressional District 1 (116th Congress), Florida","601423","2752","129762","1974","142425","2452","198441","2572","130795","1592"
"5001600US1202","Congressional District 2 (116th Congress), Florida","573718","6050","112942","4481","125347","3509","188569","4211","146860","3294"
"5001600US1203","Congressional District 3 (116th Congress), Florida","579993","6726","143031","4107","129575","4054","180729","4511","126658","3425"
"5001600US1204","Congressional District 4 (116th Congress), Florida","614794","10052","118537","4921","151537","5527","210228","5646","134492","3473"
"5001600US1205","Congressional District 5 (116th Congress), Florida","541992","11225","141638","5820","133383","5122","171317","5632","95654","3756"
"5001600US1206","Congressional District 6 (116th Congress), Florida","621566","6917","98635","3510","119235","4060","207124","3944","196572","3298"
"5001600US1207","Congressional District 7 (116th Congress), Florida","581583","10621","148112","6084","143853","6107","179955","5309","109663","3213"
"5001600US1208","Congressional District 8 (116th Congress), Florida","610604","4145","92846","3171","111790","2810","214531","2788","191437","1943"
"5001600US1209","Congressional District 9 (116th Congress), Florida","644898","15477","137347","7314","166586","7579","202251","7297","138714","5379"
"5001600US1210","Congressional District 10 (116th Congress), Florida","546157","12769","121477","6579","151934","6786","183021","6589","89725","3624"
"5001600US1211","Congressional District 11 (116th Congress), Florida","652135","10786","82551","4736","96277","4430","196690","5794","276617","4547"
"5001600US1212","Congressional District 12 (116th Congress), Florida","605983","7435","83666","3251","126316","4117","210053","4669","185948","4093"
"5001600US1213","Congressional District 13 (116th Congress), Florida","584889","8338","100325","3385","116090","4369","205103","4066","163371","4063"
"5001600US1214","Congressional District 14 (116th Congress), Florida","534225","9792","122106","5345","143475","6213","169888","4532","98756","4268"
"5001600US1215","Congressional District 15 (116th Congress), Florida","578715","14070","126879","7794","132369","7346","192852","7065","126615","6035"
"5001600US1216","Congressional District 16 (116th Congress), Florida","638769","8875","91026","4273","118164","5099","211715","5537","217864","5133"
"5001600US1217","Congressional District 17 (116th Congress), Florida","615104","10351","81894","4972","101025","4920","183910","5539","248275","6286"
"5001600US1218","Congressional District 18 (116th Congress), Florida","599873","10324","89563","3758","111342","5016","204824","5460","194144","4978"
"5001600US1219","Congressional District 19 (116th Congress), Florida","631233","11072","84363","4470","98336","4459","192617","4738","255917","4861"
"5001600US1220","Congressional District 20 (116th Congress), Florida","507613","13423","115723","7122","128477","7880","165897","6129","97516","4925"
"5001600US1221","Congressional District 21 (116th Congress), Florida","546101","11927","86152","5378","99308","4822","171770","5160","188871","5818"
"5001600US1222","Congressional District 22 (116th Congress), Florida","534846","11346","78782","6379","113545","5461","190781","7317","151738","6326"
"5001600US1223","Congressional District 23 (116th Congress), Florida","510212","9952","92504","5457","117316","6449","176163","7134","124229","6214"
"5001600US1224","Congressional District 24 (116th Congress), Florida","477697","12311","110275","6019","123658","6023","149155","6631","94609","4676"
"5001600US1225","Congressional District 25 (116th Congress), Florida","453055","14226","89229","5884","86737","6169","148024","6975","129065","6090"
"5001600US1226","Congressional District 26 (116th Congress), Florida","476033","12380","104526","6181","107894","5865","162965","7102","100648","4754"
"5001600US1227","Congressional District 27 (116th Congress), Florida","464604","13439","84074","5994","110349","5506","152249","6860","117932","5209"
"5001600US1301","Congressional District 1 (116th Congress), Georgia","550713","4548","124272","3079","144285","3395","173960","3026","108196","1545"
"5001600US1302","Congressional District 2 (116th Congress), Georgia","498322","5387","116812","2905","118050","3261","158501","3915","104959","2882"
"5001600US1303","Congressional District 3 (116th Congress), Georgia","548941","6659","116928","4050","126353","4425","192813","4587","112847","2895"
"5001600US1304","Congressional District 4 (116th Congress), Georgia","527938","10870","116027","5843","131388","5906","188968","5755","91555","3887"
"5001600US1305","Congressional District 5 (116th Congress), Georgia","587385","11293","173012","6625","167225","7137","162199","7225","84949","4183"
"5001600US1306","Congressional District 6 (116th Congress), Georgia","496468","9646","80827","5399","129906","5718","192548","7109","93187","4208"
"5001600US1307","Congressional District 7 (116th Congress), Georgia","486845","13303","101857","5393","126492","6935","180871","5794","77625","3270"
"5001600US1308","Congressional District 8 (116th Congress), Georgia","527338","5981","117467","3462","129584","4370","171971","4371","108316","2245"
"5001600US1309","Congressional District 9 (116th Congress), Georgia","556967","6033","110102","3048","119775","3899","185692","3318","141398","2019"
"5001600US1310","Congressional District 10 (116th Congress), Georgia","565803","9414","135915","4008","130573","4728","189498","6378","109817","3299"
"5001600US1311","Congressional District 11 (116th Congress), Georgia","559687","9450","122052","5283","143609","5115","193753","5906","100273","3469"
"5001600US1312","Congressional District 12 (116th Congress), Georgia","540482","5219","132914","2728","132283","3570","172888","3918","102397","2323"
"5001600US1313","Congressional District 13 (116th Congress), Georgia","523476","12223","114667","6389","141009","6960","185343","6093","82457","3953"
"5001600US1314","Congressional District 14 (116th Congress), Georgia","516434","4331","107349","2831","122568","3407","180827","3122","105690","2247"
"5001600US1501","Congressional District 1 (116th Congress), Hawaii","509992","8672","101825","4076","127924","4072","156279","4206","123964","3132"
"5001600US1502","Congressional District 2 (116th Congress), Hawaii","506514","7345","104080","3678","120799","4338","160905","4235","120730","3416"
"5001600US1601","Congressional District 1 (116th Congress), Idaho","661724","6207","133621","4585","156558","4524","218173","4432","153372","3346"
"5001600US1602","Congressional District 2 (116th Congress), Idaho","590690","6236","138735","4087","152336","4578","177354","4331","122265","2978"
"5001600US1701","Congressional District 1 (116th Congress), Illinois","524114","13385","110093","6804","119884","5162","183041","6282","111096","5625"
"5001600US1702","Congressional District 2 (116th Congress), Illinois","497132","10186","105903","5941","115395","4366","166767","6499","109067","4621"
"5001600US1703","Congressional District 3 (116th Congress), Illinois","479004","11273","96642","6130","116060","5721","166940","6269","99362","4898"
"5001600US1704","Congressional District 4 (116th Congress), Illinois","410804","10402","114380","5775","124459","6352","112782","5533","59183","4147"
"5001600US1705","Congressional District 5 (116th Congress), Illinois","545831","13594","138945","8057","163400","5664","153707","6422","89779","4811"
"5001600US1706","Congressional District 6 (116th Congress), Illinois","523796","7397","89576","5048","115611","4602","203470","5326","115139","4881"
"5001600US1707","Congressional District 7 (116th Congress), Illinois","522767","13446","133525","6280","142887","6274","152762","7965","93593","5236"
"5001600US1708","Congressional District 8 (116th Congress), Illinois","442009","9089","97404","5699","105383","4469","149266","6187","89956","4978"
"5001600US1709","Congressional District 9 (116th Congress), Illinois","498242","10167","91913","5903","116876","6036","169788","6411","119665","4522"
"5001600US1710","Congressional District 10 (116th Congress), Illinois","468255","7926","99179","4240","100085","4751","164232","3921","104759","3885"
"5001600US1711","Congressional District 11 (116th Congress), Illinois","472244","8696","104470","5752","115271","5530","167620","5421","84883","4587"
"5001600US1712","Congressional District 12 (116th Congress), Illinois","528398","3128","105402","1996","123904","2484","181641","2884","117451","2050"
"5001600US1713","Congressional District 13 (116th Congress), Illinois","539012","6187","143933","4431","119427","3975","165322","3823","110330","3197"
"5001600US1714","Congressional District 14 (116th Congress), Illinois","525729","7412","91105","5179","132209","5146","201495","4740","100920","4247"
"5001600US1715","Congressional District 15 (116th Congress), Illinois","532371","4362","95218","2174","121442","2750","182004","3206","133707","2419"
"5001600US1716","Congressional District 16 (116th Congress), Illinois","520730","4681","103375","3078","109416","3083","184379","3035","123560","2241"
"5001600US1717","Congressional District 17 (116th Congress), Illinois","512994","5263","101060","2763","111726","3039","174240","3138","125968","2410"
"5001600US1718","Congressional District 18 (116th Congress), Illinois","531334","6741","95626","3702","121408","3489","181679","3411","132621","2687"
"5001600US1801","Congressional District 1 (116th Congress), Indiana","537218","2969","106269","1657","125653","2312","188611","2257","116685","1616"
"5001600US1802","Congressional District 2 (116th Congress), Indiana","522778","3982","110898","2210","118188","2293","175795","2541","117897","1872"
"5001600US1803","Congressional District 3 (116th Congress), Indiana","540022","2746","111370","1508","129229","2038","184607","2011","114816","1224"
"5001600US1804","Congressional District 4 (116th Congress), Indiana","567094","4245","133208","2676","127470","3077","189264","3276","117152","1894"
"5001600US1805","Congressional District 5 (116th Congress), Indiana","573500","6937","111187","4311","147605","4640","199662","4139","115046","2960"
"5001600US1806","Congressional District 6 (116th Congress), Indiana","549035","2722","115411","1554","116898","2005","189917","1695","126809","1845"
"5001600US1807","Congressional District 7 (116th Congress), Indiana","521076","6956","128612","5060","133507","4492","167449","4128","91508","2559"
"5001600US1808","Congressional District 8 (116th Congress), Indiana","549149","2287","110466","1477","125872","1978","188624","2134","124187","1412"
"5001600US1809","Congressional District 9 (116th Congress), Indiana","575308","3657","132059","2723","135378","3381","189052","3034","118819","1898"
"5001600US1901","Congressional District 1 (116th Congress), Iowa","580187","2876","120677","1601","129269","2017","191851","1608","138390","947"
"5001600US1902","Congressional District 2 (116th Congress), Iowa","581525","2670","126756","1625","130205","2176","191051","1832","133513","1157"
"5001600US1903","Congressional District 3 (116th Congress), Iowa","601044","3898","121087","1932","155881","2522","201136","2004","122940","904"
"5001600US1904","Congressional District 4 (116th Congress), Iowa","564463","2859","122947","1898","118353","1731","182759","2107","140404","1127"
"5001600US2001","Congressional District 1 (116th Congress), Kansas","502712","3509","127140","2510","106367","2138","154679","2494","114526","1763"
"5001600US2002","Congressional District 2 (116th Congress), Kansas","538594","2980","119299","2407","123546","2154","172970","2470","122779","2034"
"5001600US2003","Congressional District 3 (116th Congress), Kansas","534532","3744","103498","2023","139817","2189","184931","1617","106286","1013"
"5001600US2004","Congressional District 4 (116th Congress), Kansas","515676","3192","107482","1887","122563","2410","172400","1810","113231","1046"
"5001600US2101","Congressional District 1 (116th Congress), Kentucky","552530","3169","112558","2433","119362","2282","187927","2755","132683","1848"
"5001600US2102","Congressional District 2 (116th Congress), Kentucky","577362","4615","121167","2701","134374","2441","198804","3186","123017","2213"
"5001600US2103","Congressional District 3 (116th Congress), Kentucky","553926","3786","117509","1460","132285","2245","185157","2087","118975","1209"
"5001600US2104","Congressional District 4 (116th Congress), Kentucky","565232","4216","109560","3071","137967","2192","201182","3097","116523","1690"
"5001600US2105","Congressional District 5 (116th Congress), Kentucky","537877","3689","102630","2473","123765","1917","189523","2226","121959","2067"
"5001600US2106","Congressional District 6 (116th Congress), Kentucky","581992","4750","139582","2640","135939","2648","192089","3062","114382","2494"
"5001600US2201","Congressional District 1 (116th Congress), Louisiana","594231","7375","118153","3746","143712","4577","203742","4057","128624","3308"
"5001600US2202","Congressional District 2 (116th Congress), Louisiana","587115","8471","124974","4926","151730","4277","196900","4572","113511","3965"
"5001600US2203","Congressional District 3 (116th Congress), Louisiana","577604","2928","122302","2531","146926","2595","193990","2868","114386","1538"
"5001600US2204","Congressional District 4 (116th Congress), Louisiana","559310","2947","119926","2412","138312","3263","178958","2829","122114","1785"
"5001600US2205","Congressional District 5 (116th Congress), Louisiana","555804","4901","113240","2839","138593","3592","182823","3631","121148","2394"
"5001600US2206","Congressional District 6 (116th Congress), Louisiana","585015","7251","138843","4363","145438","4690","186354","4802","114380","3041"
"5001600US2301","Congressional District 1 (116th Congress), Maine","546625","3606","91423","1564","120900","2526","196768","2427","137534","1356"
"5001600US2302","Congressional District 2 (116th Congress), Maine","524036","3159","90205","1671","106404","1819","191578","2142","135849","1488"
"5001600US2401","Congressional District 1 (116th Congress), Maryland","567926","5943","102678","3005","117878","2517","209151","3823","138219","2717"
"5001600US2402","Congressional District 2 (116th Congress), Maryland","560167","10243","120269","5400","143100","5100","189658","5911","107140","4114"
"5001600US2403","Congressional District 3 (116th Congress), Maryland","545892","12375","118771","6511","138350","5609","177240","6060","111531","4669"
"5001600US2404","Congressional District 4 (116th Congress), Maryland","503398","11202","93014","5783","125012","5338","185566","6003","99806","3725"
"5001600US2405","Congressional District 5 (116th Congress), Maryland","556897","9297","121543","4761","123848","4245","208003","4511","103503","3538"
"5001600US2406","Congressional District 6 (116th Congress), Maryland","523698","8346","100520","4085","123665","4767","186857","4995","112656","3809"
"5001600US2407","Congressional District 7 (116th Congress), Maryland","528398","10931","115519","4673","121941","5857","180162","5445","110776","3500"
"5001600US2408","Congressional District 8 (116th Congress), Maryland","533774","9035","95529","4367","126983","4663","190413","5221","120849","3294"
"5001600US2501","Congressional District 1 (116th Congress), Massachusetts","568024","5218","119473","2842","119459","2868","198117","3133","130975","2454"
"5001600US2502","Congressional District 2 (116th Congress), Massachusetts","558962","8532","127590","4155","117040","3964","196871","4671","117461","3157"
"5001600US2503","Congressional District 3 (116th Congress), Massachusetts","543580","9566","113187","5700","124132","6129","204678","7099","101583","5181"
"5001600US2504","Congressional District 4 (116th Congress), Massachusetts","559943","7776","103075","5070","119792","4739","212866","5389","124210","4633"
"5001600US2505","Congressional District 5 (116th Congress), Massachusetts","535109","10214","107925","4607","129135","5861","180011","6179","118038","4779"
"5001600US2506","Congressional District 6 (116th Congress), Massachusetts","577241","6734","101032","4041","119170","3674","215167","5376","141872","4876"
"5001600US2507","Congressional District 7 (116th Congress), Massachusetts","558430","11033","197433","6764","143411","5583","135309","5832","82277","3853"
"5001600US2508","Congressional District 8 (116th Congress), Massachusetts","561241","10353","113602","5626","138733","5821","189771","6022","119135","4746"
"5001600US2509","Congressional District 9 (116th Congress), Massachusetts","573274","7656","97060","3874","109998","4205","204076","4883","162140","3439"
"5001600US2601","Congressional District 1 (116th Congress), Michigan","564858","1561","97821","1043","106924","1120","197514","1299","162599","683"
"5001600US2602","Congressional District 2 (116th Congress), Michigan","551323","4776","123650","3563","126229","3453","183561","3526","117883","2704"
"5001600US2603","Congressional District 3 (116th Congress), Michigan","551028","4362","118568","3347","135861","3145","184569","3617","112030","2731"
"5001600US2604","Congressional District 4 (116th Congress), Michigan","554938","2626","115498","2235","114323","1742","188632","1972","136485","1827"
"5001600US2605","Congressional District 5 (116th Congress), Michigan","520558","2700","101137","1747","110301","1422","185117","2012","124003","1733"
"5001600US2606","Congressional District 6 (116th Congress), Michigan","541981","3071","117971","1844","117761","2218","182640","2359","123609","948"
"5001600US2607","Congressional District 7 (116th Congress), Michigan","548462","2889","99343","2134","121286","2484","197979","2368","129854","1848"
"5001600US2608","Congressional District 8 (116th Congress), Michigan","554462","5219","128782","2774","119354","3102","195443","3506","110883","2593"
"5001600US2609","Congressional District 9 (116th Congress), Michigan","552114","6344","117050","4681","129459","4783","190454","5473","115151","3730"
"5001600US2610","Congressional District 10 (116th Congress), Michigan","553804","5635","91918","3569","118907","3014","212452","3914","130527","3525"
"5001600US2611","Congressional District 11 (116th Congress), Michigan","534817","6785","96984","3555","114133","3999","203487","5147","120213","4596"
"5001600US2612","Congressional District 12 (116th Congress), Michigan","526943","7440","144577","4853","114484","4436","166439","4620","101443","3926"
"5001600US2613","Congressional District 13 (116th Congress), Michigan","474739","8475","110377","5322","107407","5688","161381","4271","95574","3696"
"5001600US2614","Congressional District 14 (116th Congress), Michigan","512851","9342","109658","5755","117113","4669","171524","4938","114556","4501"
"5001600US2701","Congressional District 1 (116th Congress), Minnesota","500330","2914","103708","1937","114362","1772","165683","1743","116577","1253"
"5001600US2702","Congressional District 2 (116th Congress), Minnesota","511914","3848","96331","2514","131892","2452","185390","2553","98301","1587"
"5001600US2703","Congressional District 3 (116th Congress), Minnesota","517834","7590","80909","4606","124874","4081","199945","4194","112106","3768"
"5001600US2704","Congressional District 4 (116th Congress), Minnesota","510862","5084","109706","3155","130270","2894","167528","2243","103358","1746"
"5001600US2705","Congressional District 5 (116th Congress), Minnesota","517155","6617","137964","4281","150173","4512","141709","3545","87309","2962"
"5001600US2706","Congressional District 6 (116th Congress), Minnesota","525551","4938","104564","3218","137834","2921","190089","3176","93064","2476"
"5001600US2707","Congressional District 7 (116th Congress), Minnesota","495727","2489","91877","1677","106463","1479","167305","1553","130082","1193"
"5001600US2708","Congressional District 8 (116th Congress), Minnesota","527541","1381","92761","1329","112017","1223","185789","1349","136974","799"
"5001600US2801","Congressional District 1 (116th Congress), Mississippi","577880","2748","126850","2392","136703","2524","193135","2700","121192","1696"
"5001600US2802","Congressional District 2 (116th Congress), Mississippi","523479","4699","117121","3172","123974","3576","175829","3526","106555","2294"
"5001600US2803","Congressional District 3 (116th Congress), Mississippi","559913","5338","120854","3571","140729","4217","175562","4580","122768","2775"
"5001600US2804","Congressional District 4 (116th Congress), Mississippi","579386","3131","125374","3586","142348","3315","189661","2956","122003","2136"
"5001600US2901","Congressional District 1 (116th Congress), Missouri","549361","6958","130558","3684","139392","3640","173891","4487","105520","3059"
"5001600US2902","Congressional District 2 (116th Congress), Missouri","575828","8830","93035","4368","129833","5531","210481","5686","142479","3415"
"5001600US2903","Congressional District 3 (116th Congress), Missouri","602748","6241","113183","3393","148292","4310","213686","3878","127587","2434"
"5001600US2904","Congressional District 4 (116th Congress), Missouri","584925","4248","140461","2852","129155","2398","185648","2666","129661","1992"
"5001600US2905","Congressional District 5 (116th Congress), Missouri","573775","5681","127201","3338","142534","3285","185355","3276","118685","2545"
"5001600US2906","Congressional District 6 (116th Congress), Missouri","583457","5275","112443","3299","141987","3215","201080","3121","127947","2815"
"5001600US2907","Congressional District 7 (116th Congress), Missouri","595559","2710","128623","1625","136612","2057","192439","1808","137885","1534"
"5001600US2908","Congressional District 8 (116th Congress), Missouri","567717","3947","105465","2208","124173","2204","198629","3032","139450","2124"
"5001600US3000","Congressional District (at Large) (116th Congress), Montana","823668","2462","162487","2278","190761","2375","270899","2319","199521","1261"
"5001600US3101","Congressional District 1 (116th Congress), Nebraska","473676","3971","115814","2308","111892","2528","147670","2597","98300","1794"
"5001600US3102","Congressional District 2 (116th Congress), Nebraska","467041","4132","98743","1798","130827","2258","152604","2191","84867","1138"
"5001600US3103","Congressional District 3 (116th Congress), Nebraska","439543","3065","81629","1733","95106","1974","144924","1863","117884","1369"
"5001600US3201","Congressional District 1 (116th Congress), Nevada","418811","10703","102489","5907","97757","5784","128524","5511","90041","4518"
"5001600US3202","Congressional District 2 (116th Congress), Nevada","531489","4280","108295","1929","122316","2817","178178","3126","122700","1765"
"5001600US3203","Congressional District 3 (116th Congress), Nevada","607915","11250","114455","6584","165543","6354","201412","5620","126505","4506"
"5001600US3204","Congressional District 4 (116th Congress), Nevada","516951","10773","107683","5770","129145","5165","170032","6127","110091","4600"
"5001600US3301","Congressional District 1 (116th Congress), New Hampshire","540224","4909","111039","3042","117000","2965","193985","4177","118200","3088"
"5001600US3302","Congressional District 2 (116th Congress), New Hampshire","529588","4458","94001","2949","110296","3168","202379","4343","122912","2834"
"5001600US3401","Congressional District 1 (116th Congress), New Jersey","542034","6191","111555","2727","128857","4290","190108","3382","111514","2148"
"5001600US3402","Congressional District 2 (116th Congress), New Jersey","531339","6456","93137","3058","110952","3787","192550","3602","134700","2778"
"5001600US3403","Congressional District 3 (116th Congress), New Jersey","570276","5881","103401","2971","121577","3040","204055","4043","141243","3548"
"5001600US3404","Congressional District 4 (116th Congress), New Jersey","539643","8273","92318","4170","109571","4728","192765","5326","144989","4254"
"5001600US3405","Congressional District 5 (116th Congress), New Jersey","527932","8667","89385","4394","108059","4731","204536","5445","125952","4059"
"5001600US3406","Congressional District 6 (116th Congress), New Jersey","502463","7651","116015","4306","108102","4837","179916","4676","98430","4257"
"5001600US3407","Congressional District 7 (116th Congress), New Jersey","527076","9094","88778","4644","105529","4703","216418","5506","116351","4095"
"5001600US3408","Congressional District 8 (116th Congress), New Jersey","425604","11139","104194","5447","121068","4519","128201","6084","72141","3564"
"5001600US3409","Congressional District 9 (116th Congress), New Jersey","481499","11594","99676","5588","111457","5430","169027","5360","101339","4083"
"5001600US3410","Congressional District 10 (116th Congress), New Jersey","496051","9959","113595","5627","125958","5999","165331","5593","91167","3980"
"5001600US3411","Congressional District 11 (116th Congress), New Jersey","548734","8988","92894","4852","122467","4903","205816","5382","127557","3811"
"5001600US3412","Congressional District 12 (116th Congress), New Jersey","505683","9993","96015","5152","108763","5621","190033","5882","110872","5041"
"5001600US3501","Congressional District 1 (116th Congress), New Mexico","514775","6996","109072","3029","124471","3820","166781","3303","114451","2229"
"5001600US3502","Congressional District 2 (116th Congress), New Mexico","484702","6155","111415","3372","110639","4390","144518","3727","118130","2730"
"5001600US3503","Congressional District 3 (116th Congress), New Mexico","507907","5741","95645","3336","121837","3624","162932","3209","127493","2382"
"5001600US3601","Congressional District 1 (116th Congress), New York","530436","8854","100287","4035","107433","5140","196082","5993","126634","4697"
"5001600US3602","Congressional District 2 (116th Congress), New York","515987","10089","103396","5114","114796","6046","192105","6404","105690","4917"
"5001600US3603","Congressional District 3 (116th Congress), New York","521235","9204","84043","5129","94788","5053","201571","6966","140833","4839"
"5001600US3604","Congressional District 4 (116th Congress), New York","506457","8321","97115","3933","114081","5095","175392","5160","119869","4004"
"5001600US3605","Congressional District 5 (116th Congress), New York","501784","12659","108297","5234","116210","4998","177019","6342","100258","3979"
"5001600US3606","Congressional District 6 (116th Congress), New York","448065","12825","79930","4430","102886","5889","155921","6732","109328","4526"
"5001600US3607","Congressional District 7 (116th Congress), New York","446196","14230","118165","7547","128013","5623","126083","6973","73935","4406"
"5001600US3608","Congressional District 8 (116th Congress), New York","540660","13211","122947","6253","146729","7186","159129","5648","111855","5281"
"5001600US3609","Congressional District 9 (116th Congress), New York","486880","12651","106689","5362","133320","6783","145744","6356","101127","4834"
"5001600US3610","Congressional District 10 (116th Congress), New York","473542","10788","104610","6754","124335","7023","138764","7180","105833","5374"
"5001600US3611","Congressional District 11 (116th Congress), New York","500998","8100","94271","3380","113514","4360","176250","4365","116963","2829"
"5001600US3612","Congressional District 12 (116th Congress), New York","530252","14243","138958","7243","160540","7342","125681","6992","105073","6007"
"5001600US3613","Congressional District 13 (116th Congress), New York","505003","13783","132278","6911","138772","7669","147730","6739","86223","4899"
"5001600US3614","Congressional District 14 (116th Congress), New York","392398","12236","84822","5281","108371","6353","121605","6487","77600","4495"
"5001600US3615","Congressional District 15 (116th Congress), New York","410819","11144","118087","6357","97836","5622","125599","4913","69297","3355"
"5001600US3616","Congressional District 16 (116th Congress), New York","498243","10607","97670","5533","110557","5818","170078","6340","119938","4975"
"5001600US3617","Congressional District 17 (116th Congress), New York","502861","6893","99453","3981","107969","4148","177154","4494","118285","3726"
"5001600US3618","Congressional District 18 (116th Congress), New York","524373","5240","110007","3091","111866","3254","194615","3310","107885","2674"
"5001600US3619","Congressional District 19 (116th Congress), New York","553713","5607","100781","2764","110525","3418","200995","2689","141412","2973"
"5001600US3620","Congressional District 20 (116th Congress), New York","557251","5438","128947","3418","122739","3064","183945","3761","121620","2620"
"5001600US3621","Congressional District 21 (116th Congress), New York","551303","4192","113239","2988","119095","1986","194087","2692","124882","1893"
"5001600US3622","Congressional District 22 (116th Congress), New York","539437","3753","114511","1905","111158","1993","184422","2424","129346","1515"
"5001600US3623","Congressional District 23 (116th Congress), New York","544564","3340","120276","2426","109777","2013","185144","2376","129367","1397"
"5001600US3624","Congressional District 24 (116th Congress), New York","539797","2939","111698","1986","117482","1825","189709","1757","120908","1232"
"5001600US3625","Congressional District 25 (116th Congress), New York","543698","4648","117622","2198","123905","1868","181680","2174","120491","1330"
"5001600US3626","Congressional District 26 (116th Congress), New York","539694","5187","120559","3482","122162","3217","175590","4059","121383","3231"
"5001600US3627","Congressional District 27 (116th Congress), New York","564383","5939","95372","3814","120176","3156","212938","5000","135897","3689"
"5001600US3701","Congressional District 1 (116th Congress), North Carolina","566173","6735","132862","4336","125420","3503","183238","3733","124653","2401"
"5001600US3702","Congressional District 2 (116th Congress), North Carolina","601142","7863","106022","4771","154674","5036","224620","5549","115826","3571"
"5001600US3703","Congressional District 3 (116th Congress), North Carolina","579504","4996","140107","3812","124968","3042","183311","3621","131118","2273"
"5001600US3704","Congressional District 4 (116th Congress), North Carolina","624834","7413","160718","4780","165799","5363","199641","4989","98676","3142"
"5001600US3705","Congressional District 5 (116th Congress), North Carolina","572721","3131","120924","1928","115470","2055","198628","1922","137699","1313"
"5001600US3706","Congressional District 6 (116th Congress), North Carolina","567392","5676","108516","3965","120375","4598","203804","3976","134697","2644"
"5001600US3707","Congressional District 7 (116th Congress), North Carolina","613510","5769","120856","3221","130075","4066","204550","3477","158029","2006"
"5001600US3708","Congressional District 8 (116th Congress), North Carolina","581896","5618","134841","3326","139696","3523","189464","4141","117895","1953"
"5001600US3709","Congressional District 9 (116th Congress), North Carolina","561804","6951","104526","3998","130550","3877","206102","4407","120626","3192"
"5001600US3710","Congressional District 10 (116th Congress), North Carolina","585102","4892","107076","2134","129277","3069","208870","3453","139879","2513"
"5001600US3711","Congressional District 11 (116th Congress), North Carolina","604505","5083","100736","2754","121933","2848","208993","3395","172843","2628"
"5001600US3712","Congressional District 12 (116th Congress), North Carolina","591843","7234","149353","4103","170864","4350","188532","4575","83094","2813"
"5001600US3713","Congressional District 13 (116th Congress), North Carolina","579274","7005","119172","4419","126619","4405","204338","3714","129145","2668"
"5001600US3800","Congressional District (at Large) (116th Congress), North Dakota","567351","3196","139148","2337","139250","2753","172914","1812","116039","869"
"5001600US3901","Congressional District 1 (116th Congress), Ohio","541695","5990","115385","3979","127214","3380","188655","4034","110441","2769"
"5001600US3902","Congressional District 2 (116th Congress), Ohio","557971","6728","110038","4562","135103","3616","193722","3868","119108","3401"
"5001600US3903","Congressional District 3 (116th Congress), Ohio","560963","8952","153956","6174","152437","5694","173350","4693","81220","3125"
"5001600US3904","Congressional District 4 (116th Congress), Ohio","542874","4816","107261","2828","120580","2875","192235","3120","122798","2736"
"5001600US3905","Congressional District 5 (116th Congress), Ohio","549171","4850","108332","2648","120658","2951","190308","3173","129873","2666"
"5001600US3906","Congressional District 6 (116th Congress), Ohio","545803","4800","92786","2568","115894","2521","198331","3334","138792","2677"
"5001600US3907","Congressional District 7 (116th Congress), Ohio","557024","7057","102049","3626","127143","4087","193475","4259","134357","3771"
"5001600US3908","Congressional District 8 (116th Congress), Ohio","546406","2927","112205","1845","122391","1837","189359","1629","122451","1042"
"5001600US3909","Congressional District 9 (116th Congress), Ohio","545749","8394","124360","4339","125503","5120","185628","5224","110258","3868"
"5001600US3910","Congressional District 10 (116th Congress), Ohio","552514","2402","119030","1391","123728","1547","182094","1592","127662","1059"
"5001600US3911","Congressional District 11 (116th Congress), Ohio","524803","8831","115904","4267","112868","3951","177785","4375","118246","3071"
"5001600US3912","Congressional District 12 (116th Congress), Ohio","585940","7173","116111","4528","143636","4189","203572","4271","122621","3354"
"5001600US3913","Congressional District 13 (116th Congress), Ohio","559931","7719","121208","4566","118910","3752","188243","4932","131570","3473"
"5001600US3914","Congressional District 14 (116th Congress), Ohio","553668","6479","91212","3779","116235","3653","202802","4720","143419","3448"
"5001600US3915","Congressional District 15 (116th Congress), Ohio","586092","6358","122586","3245","148238","3768","195592","4772","119676","3149"
"5001600US3916","Congressional District 16 (116th Congress), Ohio","553316","8332","94003","4015","119356","4694","195092","5120","144865","4533"
"5001600US4001","Congressional District 1 (116th Congress), Oklahoma","565812","2986","119601","1552","142459","1491","185630","1688","118122","1022"
"5001600US4002","Congressional District 2 (116th Congress), Oklahoma","564213","2174","111772","1465","124240","1837","187143","1873","141058","1312"
"5001600US4003","Congressional District 3 (116th Congress), Oklahoma","571661","2631","128376","2369","136979","2504","181404","2773","124902","1657"
"5001600US4004","Congressional District 4 (116th Congress), Oklahoma","589702","4619","140663","3142","148141","3290","183691","3193","117207","2959"
"5001600US4005","Congressional District 5 (116th Congress), Oklahoma","561277","5517","127461","2822","145137","3524","177443","2403","111236","2036"
"5001600US4101","Congressional District 1 (116th Congress), Oregon","606198","6201","122267","3321","156907","3808","203271","3900","123753","1995"
"5001600US4102","Congressional District 2 (116th Congress), Oregon","619186","4754","107760","2656","137721","3273","203375","3437","170330","2200"
"5001600US4103","Congressional District 3 (116th Congress), Oregon","627716","5932","128785","3386","192698","4073","195594","4501","110639","2941"
"5001600US4104","Congressional District 4 (116th Congress), Oregon","638548","5000","137856","2681","131793","2561","197411","3351","171488","2334"
"5001600US4105","Congressional District 5 (116th Congress), Oregon","606523","6245","121244","3593","135652","3410","202365","3861","147262","2112"
"5001600US4201","Congressional District 1 (116th Congress), Pennsylvania","544860","4939","92077","2529","114576","2439","208051","2618","130156","1828"
"5001600US4202","Congressional District 2 (116th Congress), Pennsylvania","496510","12153","108907","4984","131431","6533","162980","6030","93192","4205"
"5001600US4203","Congressional District 3 (116th Congress), Pennsylvania","564612","11678","163596","5788","147436","6414","155674","6347","97906","3640"
"5001600US4204","Congressional District 4 (116th Congress), Pennsylvania","543723","4822","93110","2863","126725","2666","196830","2726","127058","2661"
"5001600US4205","Congressional District 5 (116th Congress), Pennsylvania","519983","6115","107792","3374","123762","3235","176758","3470","111671","2634"
"5001600US4206","Congressional District 6 (116th Congress), Pennsylvania","522912","4827","104793","2778","115963","3256","186198","3150","115958","2121"
"5001600US4207","Congressional District 7 (116th Congress), Pennsylvania","552078","4662","112979","2276","120075","2285","190234","2917","128790","1679"
"5001600US4208","Congressional District 8 (116th Congress), Pennsylvania","535133","5536","96758","2716","111460","2905","191872","3189","135043","2107"
"5001600US4209","Congressional District 9 (116th Congress), Pennsylvania","555775","5005","101991","3229","113868","3341","200346","3614","139570","2529"
"5001600US4210","Congressional District 10 (116th Congress), Pennsylvania","552761","5816","104026","3618","132749","3542","190256","3889","125730","3068"
"5001600US4211","Congressional District 11 (116th Congress), Pennsylvania","553568","5995","108179","2993","121027","2987","190275","3580","134087","2755"
"5001600US4212","Congressional District 12 (116th Congress), Pennsylvania","551022","3977","123316","2600","110831","2103","183226","2049","133649","1886"
"5001600US4213","Congressional District 13 (116th Congress), Pennsylvania","545111","3919","95067","2558","111055","2338","195512","2752","143477","2419"
"5001600US4214","Congressional District 14 (116th Congress), Pennsylvania","551164","2665","92479","1300","113121","1865","199732","2162","145832","1792"
"5001600US4215","Congressional District 15 (116th Congress), Pennsylvania","548615","4573","103760","2788","109888","2285","194162","2972","140805","2336"
"5001600US4216","Congressional District 16 (116th Congress), Pennsylvania","539710","2919","105421","1709","112260","1877","188904","2314","133125","1684"
"5001600US4217","Congressional District 17 (116th Congress), Pennsylvania","559285","6462","89713","4065","129224","4370","201518","4124","138830","3625"
"5001600US4218","Congressional District 18 (116th Congress), Pennsylvania","544390","6168","124197","4066","125413","4454","167548","3959","127232","3629"
"5001600US4401","Congressional District 1 (116th Congress), Rhode Island","395409","6058","86516","4389","88010","3008","131729","4477","89154","3188"
"5001600US4402","Congressional District 2 (116th Congress), Rhode Island","407668","6982","90505","4521","86605","3359","142807","4382","87751","3092"
"5001600US4501","Congressional District 1 (116th Congress), South Carolina","613912","6942","117100","3752","152845","3775","199262","3355","144705","2856"
"5001600US4502","Congressional District 2 (116th Congress), South Carolina","537342","7030","112273","4457","126169","3793","183210","3289","115690","2294"
"5001600US4503","Congressional District 3 (116th Congress), South Carolina","534772","4868","110832","2972","113351","3207","180995","2982","129594","2005"
"5001600US4504","Congressional District 4 (116th Congress), South Carolina","533533","6329","114689","2691","122139","3302","181414","3325","115291","2404"
"5001600US4505","Congressional District 5 (116th Congress), South Carolina","552247","4381","107394","2761","130685","2862","191844","4206","122324","1980"
"5001600US4506","Congressional District 6 (116th Congress), South Carolina","506843","10563","135079","6066","116303","5296","151193","5058","104268","3608"
"5001600US4507","Congressional District 7 (116th Congress), South Carolina","571428","3454","100281","2796","116934","2982","194600","2871","159613","1938"
"5001600US4600","Congressional District (at Large) (116th Congress), South Dakota","647089","2674","135924","2341","154204","2289","211141","1858","145820","1007"
"5001600US4701","Congressional District 1 (116th Congress), Tennessee","563918","3157","101879","1808","115573","2045","199303","1766","147163","1149"
"5001600US4702","Congressional District 2 (116th Congress), Tennessee","583056","3129","126317","1844","126787","2312","195284","2150","134668","1761"
"5001600US4703","Congressional District 3 (116th Congress), Tennessee","571456","3926","107332","2624","127851","2333","199140","2857","137133","2148"
"5001600US4704","Congressional District 4 (116th Congress), Tennessee","590540","4743","131798","2644","139598","3310","202170","3995","116974","2602"
"5001600US4705","Congressional District 5 (116th Congress), Tennessee","563797","5435","138645","2927","154933","2562","174676","1982","95543","1088"
"5001600US4706","Congressional District 6 (116th Congress), Tennessee","591603","3690","110663","2299","133871","2327","208991","2442","138078","1843"
"5001600US4707","Congressional District 7 (116th Congress), Tennessee","578288","3700","115496","2116","148381","3217","198625","2454","115786","1632"
"5001600US4708","Congressional District 8 (116th Congress), Tennessee","525277","4889","95988","3296","118670","3413","187803","3562","122816","2839"
"5001600US4709","Congressional District 9 (116th Congress), Tennessee","507231","5835","128416","2891","126301","3782","164660","3287","87854","2707"
"5001600US4801","Congressional District 1 (116th Congress), Texas","511974","4743","116139","2831","115651","3340","162219","3203","117965","2154"
"5001600US4802","Congressional District 2 (116th Congress), Texas","520180","17389","110982","8677","153422","8956","165265","8845","90511","5504"
"5001600US4803","Congressional District 3 (116th Congress), Texas","563318","7999","107159","4580","151459","4924","211761","3751","92939","2772"
"5001600US4804","Congressional District 4 (116th Congress), Texas","543354","5315","101034","2875","130722","4575","185907","3680","125691","2233"
"5001600US4805","Congressional District 5 (116th Congress), Texas","480610","7387","99057","5149","124188","4937","157352","4765","100013","2963"
"5001600US4806","Congressional District 6 (116th Congress), Texas","554709","11109","125279","6148","151253","6419","187069","5885","91108","4203"
"5001600US4807","Congressional District 7 (116th Congress), Texas","448262","17967","94925","7980","122431","8709","152485","8256","78421","5385"
"5001600US4808","Congressional District 8 (116th Congress), Texas","584039","8995","114865","4433","153896","5713","199843","5632","115435","2726"
"5001600US4809","Congressional District 9 (116th Congress), Texas","445634","16319","125106","7962","112131","8042","138785","7156","69612","4256"
"5001600US4810","Congressional District 10 (116th Congress), Texas","593629","15051","124192","9067","163629","8541","195137","8171","110671","4730"
"5001600US4811","Congressional District 11 (116th Congress), Texas","542570","6851","125640","4216","132612","4375","164392","4265","119926","2475"
"5001600US4812","Congressional District 12 (116th Congress), Texas","572411","11504","126234","6401","147586","6604","195434","7204","103157","3844"
"5001600US4813","Congressional District 13 (116th Congress), Texas","493390","5774","107099","3166","120804","3078","159812","3104","105675","1851"
"5001600US4814","Congressional District 14 (116th Congress), Texas","532153","6811","110575","2959","137967","3407","180436","3934","103175","2319"
"5001600US4815","Congressional District 15 (116th Congress), Texas","435170","10959","127796","5836","109100","4889","126966","5116","71308","4080"
"5001600US4816","Congressional District 16 (116th Congress), Texas","458940","7531","133726","4053","123299","4353","124935","4201","76980","2380"
"5001600US4817","Congressional District 17 (116th Congress), Texas","550601","9229","171731","4474","129226","4806","155299","6021","94345","2618"
"5001600US4818","Congressional District 18 (116th Congress), Texas","480387","17751","126644","7297","138713","7995","144541","6719","70489","5037"
"5001600US4819","Congressional District 19 (116th Congress), Texas","509891","4649","141466","2800","125507","3479","145193","3246","97725","2058"
"5001600US4820","Congressional District 20 (116th Congress), Texas","549483","15793","160406","8396","149365","8057","153772","5985","85940","4503"
"5001600US4821","Congressional District 21 (116th Congress), Texas","622228","13955","142173","7798","157270","7794","194292","7451","128493","4827"
"5001600US4822","Congressional District 22 (116th Congress), Texas","577164","14484","115523","7208","160247","6599","205845","7171","95549","4029"
"5001600US4823","Congressional District 23 (116th Congress), Texas","507547","12255","122847","5544","136998","7137","153042","6587","94660","5050"
"5001600US4824","Congressional District 24 (116th Congress), Texas","503766","10913","107198","6738","135318","6256","175632","6414","85618","4510"
"5001600US4825","Congressional District 25 (116th Congress), Texas","570238","11587","120182","8504","151528","5169","184393","5140","114135","3856"
"5001600US4826","Congressional District 26 (116th Congress), Texas","605249","8073","131803","4980","172846","6130","213256","5311","87344","2926"
"5001600US4827","Congressional District 27 (116th Congress), Texas","517267","6497","108956","3318","128370","3642","165306","4275","114635","2636"
"5001600US4828","Congressional District 28 (116th Congress), Texas","434305","11134","116088","5286","112878","4675","130291","5299","75048","3922"
"5001600US4829","Congressional District 29 (116th Congress), Texas","369239","12870","115825","7440","94998","6150","111250","6366","47166","4163"
"5001600US4830","Congressional District 30 (116th Congress), Texas","479082","11936","122989","6962","120418","7207","156127","5971","79548","3658"
"5001600US4831","Congressional District 31 (116th Congress), Texas","602236","5813","137130","2870","172836","3718","190521","2766","101749","2225"
"5001600US4832","Congressional District 32 (116th Congress), Texas","505867","10389","120849","6678","127369","6325","166856","6423","90793","4526"
"5001600US4833","Congressional District 33 (116th Congress), Texas","360226","12748","107457","6889","87377","5258","109125","6178","56267","3777"
"5001600US4834","Congressional District 34 (116th Congress), Texas","424863","9876","111405","4604","105261","4867","121813","5272","86384","3627"
"5001600US4835","Congressional District 35 (116th Congress), Texas","532967","13421","152919","8500","153805","7302","151784","7008","74459","4640"
"5001600US4836","Congressional District 36 (116th Congress), Texas","519385","9934","111025","6807","124400","5324","176585","5324","107375","4018"
"5001600US4901","Congressional District 1 (116th Congress), Utah","521517","4200","138536","3081","148842","3211","151996","2641","82143","1782"
"5001600US4902","Congressional District 2 (116th Congress), Utah","529608","7295","137185","4747","146798","4834","143419","4253","102206","2897"
"5001600US4903","Congressional District 3 (116th Congress), Utah","517848","6002","166076","3653","129325","3401","139150","3762","83297","2862"
"5001600US4904","Congressional District 4 (116th Congress), Utah","518368","8401","125929","4858","171294","5579","144381","4845","76764","3088"
"5001600US5000","Congressional District (at Large) (116th Congress), Vermont","500274","2062","100387","1448","103384","1123","173821","1536","122682","1212"
"5001600US5101","Congressional District 1 (116th Congress), Virginia","590281","8602","115999","4622","141411","3902","210432","5155","122439","3428"
"5001600US5102","Congressional District 2 (116th Congress), Virginia","559397","6204","140647","3718","136454","3461","172710","3377","109586","2373"
"5001600US5103","Congressional District 3 (116th Congress), Virginia","559137","7090","144935","3740","140818","4196","174813","3735","98571","2873"
"5001600US5104","Congressional District 4 (116th Congress), Virginia","579606","9665","127615","3623","141627","5290","196356","5204","114008","3628"
"5001600US5105","Congressional District 5 (116th Congress), Virginia","578531","7084","109871","4113","121923","3450","197536","4117","149201","3172"
"5001600US5106","Congressional District 6 (116th Congress), Virginia","582756","4662","131680","2346","119755","3489","191356","2918","139965","2725"
"5001600US5107","Congressional District 7 (116th Congress), Virginia","588061","8567","108547","4489","142947","4698","210231","4541","126336","4214"
"5001600US5108","Congressional District 8 (116th Congress), Virginia","533417","10149","109243","4837","168603","4980","166271","4686","89300","3286"
"5001600US5109","Congressional District 9 (116th Congress), Virginia","567315","4437","119009","3046","111192","2676","191661","2823","145453","2071"
"5001600US5110","Congressional District 10 (116th Congress), Virginia","565197","8256","98594","4056","144436","4770","219463","4827","102704","3686"
"5001600US5111","Congressional District 11 (116th Congress), Virginia","509988","10817","108065","5311","133940","4763","181280","5524","86703","3940"
"5001600US5301","Congressional District 1 (116th Congress), Washington","519555","10068","89058","5945","139221","5304","193442","6951","97834","4511"
"5001600US5302","Congressional District 2 (116th Congress), Washington","558321","7945","127235","4756","132695","4595","177757","5016","120634","3717"
"5001600US5303","Congressional District 3 (116th Congress), Washington","544994","4118","98922","2228","130162","2256","188493","2690","127417","1879"
"5001600US5304","Congressional District 4 (116th Congress), Washington","443137","5909","101079","3061","104005","3276","139372","3324","98681","2454"
"5001600US5305","Congressional District 5 (116th Congress), Washington","551532","3876","128261","2045","125417","2369","173298","2008","124556","1495"
"5001600US5306","Congressional District 6 (116th Congress), Washington","570991","6932","105695","4163","133343","3756","185911","4109","146042","2457"
"5001600US5307","Congressional District 7 (116th Congress), Washington","600321","11081","143720","6334","177404","6568","169461","6228","109736","4978"
"5001600US5308","Congressional District 8 (116th Congress), Washington","522952","10928","90974","4378","129726","5420","201383","6157","100869","4525"
"5001600US5309","Congressional District 9 (116th Congress), Washington","499184","11809","104339","6065","134537","6968","163081","5400","97227","4766"
"5001600US5310","Congressional District 10 (116th Congress), Washington","544552","6928","127027","3924","139911","4650","168782","4905","108832","3053"
"5001600US5401","Congressional District 1 (116th Congress), West Virginia","486327","3632","101752","2398","104414","2189","159942","2436","120219","1901"
"5001600US5402","Congressional District 2 (116th Congress), West Virginia","487208","3478","85419","2401","110323","2352","172084","2808","119382","2426"
"5001600US5403","Congressional District 3 (116th Congress), West Virginia","457623","2050","80052","1712","100024","1814","157192","1628","120355","1331"
"5001600US5501","Congressional District 1 (116th Congress), Wisconsin","539789","5165","97284","2904","122993","3597","202358","3943","117154","3281"
"5001600US5502","Congressional District 2 (116th Congress), Wisconsin","577976","3636","140415","2342","138504","1986","184902","2055","114155","1772"
"5001600US5503","Congressional District 3 (116th Congress), Wisconsin","566700","2657","132563","2376","118693","1999","186191","1906","129253","1670"
"5001600US5504","Congressional District 4 (116th Congress), Wisconsin","493143","4985","130598","2711","127685","2915","150055","3320","84805","1986"
"5001600US5505","Congressional District 5 (116th Congress), Wisconsin","558805","5239","98106","2914","131851","3250","197688","3537","131160","2994"
"5001600US5506","Congressional District 6 (116th Congress), Wisconsin","556485","2532","102408","1665","122332","2130","200105","2042","131640","1068"
"5001600US5507","Congressional District 7 (116th Congress), Wisconsin","552651","2556","86048","1610","115957","1843","206377","1798","144269","1494"
"5001600US5508","Congressional District 8 (116th Congress), Wisconsin","556205","2262","101057","1787","128912","1853","200720","1671","125516","1064"
"5001600US5600","Congressional District (at Large) (116th Congress), Wyoming","433644","2221","86967","1666","106361","1762","144337","2205","95979","1485"
"5001600US7298","Resident Commissioner District (at Large) (116th Congress), Puerto Rico","2561292","3528","514347","1413","559457","2204","833168","2317","654320","1394"
